symbol,entry_time,exit_time,avg_entry_price,exit_price,quantity,exit_reason,net_pnl,return_pct,duration_hours,entry_count,total_invested,breakeven_triggered,rule,gross_pnl,total_commission,entry_commission,exit_commission
LINEAUSDT,2025-09-05 06:10:00+00:00,2025-09-05 17:00:00+00:00,0.02863,0.02716,6985.679357317499,negative_pnl_8h,-10.483300733496344,-5.241650366748172,0.0,1,200.0,False,Rule 8,,,,
SOMIUSDT,2025-09-05 17:30:00+00:00,2025-09-05 17:30:00+00:00,0.6223,0.572516,321.3883978788366,stop_loss,-16.21119999999997,-8.105599999999985,0.0,1,200.0,False,Rule 6,,,,
SOMIUSDT,2025-09-05 17:35:00+00:00,2025-09-05 21:10:00+00:00,0.6219627592966558,0.5722057385529233,964.6879833746118,stop_loss,-48.6336,-8.1056,0.16666666666666666,3,600.0,False,Rule 8,,,,
USELESSUSDT,2025-09-05 17:35:00+00:00,2025-09-06 05:20:00+00:00,0.1875,0.1868,1066.6666666666667,negative_pnl_8h,-0.966256000000003,-0.4831280000000015,0.0,1,200.0,False,Rule 8,,,,
ENAUSDT,2025-09-05 21:10:00+00:00,2025-09-06 05:20:00+00:00,0.7328492324486593,0.7327,545.8148583488112,negative_pnl_8h,-0.5214084885177322,-0.13035212212943306,0.25,2,400.0,False,Rule 8,,,,
PTBUSDT,2025-09-05 12:05:00+00:00,2025-09-06 05:55:00+00:00,0.04895127321959184,0.04896106347423576,28599.86897010221,breakeven_sl,-1.2601540000000273,-0.09001100000000195,12.583333333333334,7,1400.0,True,Rule 8,,,,
SOMIUSDT,2025-09-06 05:30:00+00:00,2025-09-06 18:45:00+00:00,0.7238421370951237,0.88361,2763.0333984510357,take_profit,439.00114703765684,21.950057351882844,4.833333333333333,10,2000.0,True,Rule 8,,,,
BIOUSDT,2025-09-05 17:00:00+00:00,2025-09-06 20:05:00+00:00,0.16621221577382544,0.1662454582169802,16845.9338982047,breakeven_sl,-2.5203080000000546,-0.09001100000000195,8.5,14,2800.0,True,Rule 8,,,,
SOMIUSDT,2025-09-06 18:50:00+00:00,2025-09-06 22:50:00+00:00,0.9642696032701955,1.13646,2696.341346011983,take_profit,461.1687298414298,17.73725884005499,4.0,13,2600.0,True,Rule 8,,,,
SOMIUSDT,2025-09-06 22:55:00+00:00,2025-09-07 04:55:00+00:00,1.0928143865359263,1.0053892356130523,1647.1232646430988,stop_loss,-145.90079999999978,-8.105599999999988,3.0,9,1800.0,False,Rule 8,,,,
MERLUSDT,2025-09-07 04:55:00+00:00,2025-09-07 10:40:00+00:00,0.17709,0.1629228,1129.3692472753967,stop_loss,-16.211199999999998,-8.105599999999999,0.0,1,200.0,False,Rule 8,,,,
MYXUSDT,2025-09-07 03:50:00+00:00,2025-09-07 11:25:00+00:00,1.5844288297791327,1.8466500000000001,1009.8276236383795,take_profit,262.892542192158,16.430783887009873,7.583333333333333,8,1600.0,True,Rule 8,,,,
SOMIUSDT,2025-09-07 07:20:00+00:00,2025-09-07 13:40:00+00:00,1.1598611836717099,1.0670722889779731,344.8688564037824,stop_loss,-32.422399999999996,-8.105599999999999,0.16666666666666666,2,400.0,False,Rule 8,,,,
MYXUSDT,2025-09-07 12:20:00+00:00,2025-09-07 14:25:00+00:00,2.1486979558233745,2.558504,1582.3536252665772,take_profit,644.3614277152265,18.951806697506658,1.5833333333333333,17,3400.0,True,Rule 8,,,,
WLFIUSDT,2025-09-06 19:15:00+00:00,2025-09-07 14:30:00+00:00,0.2190850650075502,0.21912888202055172,4564.437105585164,breakeven_sl,-0.9001099999999547,-0.09001099999999547,9.083333333333334,5,1000.0,True,Rule 6,,,,
HUSDT,2025-09-07 13:55:00+00:00,2025-09-07 14:50:00+00:00,0.03691,0.0339572,5418.58574911948,stop_loss,-16.211199999999998,-8.105599999999999,0.0,1,200.0,False,Rule 8,,,,
PTBUSDT,2025-09-07 12:35:00+00:00,2025-09-07 15:00:00+00:00,0.05659999144787791,0.05661131144616748,45936.402700595834,breakeven_sl,-2.3402860000000185,-0.09001100000000072,2.3333333333333335,13,2600.0,True,Rule 6,,,,
MYXUSDT,2025-09-07 14:30:00+00:00,2025-09-07 15:10:00+00:00,2.6728635409238017,3.1544240000000006,598.6089358856698,take_profit,286.3478474555336,17.89674046597085,0.6666666666666666,8,1600.0,True,Rule 6,,,,
SOMIUSDT,2025-09-07 17:30:00+00:00,2025-09-07 17:45:00+00:00,1.317143674059536,1.3174071027943477,607.374894444385,breakeven_sl,-0.7200880000000318,-0.09001100000000398,0.25,4,800.0,True,Rule 6,,,,
SOMIUSDT,2025-09-07 17:50:00+00:00,2025-09-07 18:45:00+00:00,1.4262472808017477,1.426532530257908,1682.7376516720642,breakeven_sl,-2.160263999999982,-0.09001099999999924,0.9166666666666666,12,2400.0,True,Rule 6,,,,
SOMIUSDT,2025-09-07 18:50:00+00:00,2025-09-07 19:00:00+00:00,1.6794275483552106,1.6797634338648815,357.26459327621785,breakeven_sl,-0.5400660000001092,-0.0900110000000182,0.16666666666666666,3,600.0,True,Rule 8,,,,
SOMIUSDT,2025-09-07 19:05:00+00:00,2025-09-07 19:05:00+00:00,1.7608,1.619936,113.58473421172195,stop_loss,-16.21119999999997,-8.105599999999985,0.0,1,200.0,False,Rule 6,,,,
SOMIUSDT,2025-09-07 19:10:00+00:00,2025-09-07 21:20:00+00:00,1.758732049478798,1.618033485520494,796.0280250848283,stop_loss,-113.4784,-8.105599999999999,0.5,7,1400.0,False,Rule 6,,,,
PTBUSDT,2025-09-07 15:00:00+00:00,2025-09-08 00:25:00+00:00,0.05699,0.05384,3509.38761186173,negative_pnl_8h,-11.268490963326897,-5.634245481663449,0.0,1,200.0,False,Rule 6,,,,
SOONUSDT,2025-09-07 16:35:00+00:00,2025-09-08 05:50:00+00:00,0.32210120987424723,0.32216563011622207,3725.537077207802,breakeven_sl,-1.0801320000002184,-0.0900110000000182,0.6666666666666666,6,1200.0,True,Rule 8,,,,
MYXUSDT,2025-09-07 15:15:00+00:00,2025-09-08 07:40:00+00:00,3.265467182844591,3.933904,1408.6805171910746,take_profit,936.036033643322,20.348609427028737,16.416666666666668,23,4600.0,True,Rule 8,,,,
NAORISUSDT,2025-09-07 21:25:00+00:00,2025-09-08 07:40:00+00:00,0.03271365765908315,0.03139,24454.61795611458,negative_pnl_8h,-33.231739109266655,-4.153967388658332,0.5833333333333334,4,800.0,False,Rule 8,,,,
ZEREBROUSDT,2025-09-07 22:45:00+00:00,2025-09-08 07:40:00+00:00,0.02261,0.020801200000000002,8845.64352056612,stop_loss,-16.211199999999998,-8.105599999999999,0.0,1,200.0,False,Rule 8,,,,
MYXUSDT,2025-09-08 07:45:00+00:00,2025-09-08 10:35:00+00:00,4.409805881314623,5.440305,634.9485839873936,take_profit,650.8740835336223,23.245502983343652,2.8333333333333335,14,2800.0,True,Rule 8,,,,
MYXUSDT,2025-09-08 10:40:00+00:00,2025-09-08 10:45:00+00:00,6.17661507292541,6.177850395939995,64.76038983768974,breakeven_sl,-0.3600440000000159,-0.09001100000000398,0.08333333333333333,2,400.0,True,Rule 6,,,,
MYXUSDT,2025-09-08 10:50:00+00:00,2025-09-08 10:50:00+00:00,6.17531,5.6812852,32.38703805962778,stop_loss,-16.211199999999998,-8.105599999999999,0.0,1,200.0,False,Rule 6,,,,
NAORISUSDT,2025-09-08 12:15:00+00:00,2025-09-08 12:25:00+00:00,0.03626,0.0333592,5515.7198014340875,stop_loss,-16.211199999999998,-8.105599999999999,0.0,1,200.0,False,Rule 6,,,,
SOMIUSDT,2025-09-08 10:40:00+00:00,2025-09-08 13:15:00+00:00,1.779751300080016,1.6373711960736148,1236.1277667846568,stop_loss,-178.3232,-8.1056,0.9166666666666666,11,2200.0,False,Rule 6,,,,
LINEAUSDT,2025-09-08 14:35:00+00:00,2025-09-08 15:15:00+00:00,0.03067489146073411,0.030681026439026256,32599.95235125986,breakeven_sl,-0.9001100000000682,-0.09001100000000682,0.6666666666666666,5,1000.0,True,Rule 8,,,,
MYXUSDT,2025-09-08 10:55:00+00:00,2025-09-08 15:20:00+00:00,6.776360034553807,8.145436,826.402371102576,take_profit,1124.6253498710473,20.08259553341156,4.416666666666667,28,5600.0,True,Rule 6,,,,
PTBUSDT,2025-09-08 15:55:00+00:00,2025-09-08 16:05:00+00:00,0.06784058829679712,0.06785415641445648,8844.2629267165,breakeven_sl,-0.5400659999999955,-0.09001099999999924,0.16666666666666666,3,600.0,True,Rule 6,,,,
PTBUSDT,2025-09-08 16:10:00+00:00,2025-09-08 16:10:00+00:00,0.08277,0.0761484,2416.334420683823,stop_loss,-16.21119999999997,-8.105599999999985,0.0,1,200.0,False,Rule 6,,,,
PTBUSDT,2025-09-08 16:15:00+00:00,2025-09-08 16:40:00+00:00,0.07313182946289146,0.06728128310586014,16408.723927915737,stop_loss,-97.2672,-8.1056,0.4166666666666667,6,1200.0,False,Rule 6,,,,
MYXUSDT,2025-09-08 15:25:00+00:00,2025-09-08 16:45:00+00:00,8.48564128145617,10.297404,353.53839509524823,take_profit,636.8753935812956,21.229179786043186,1.3333333333333333,15,3000.0,True,Rule 6,,,,
LINEAUSDT,2025-09-08 15:20:00+00:00,2025-09-08 17:00:00+00:00,0.0321199501867995,0.02955035417185554,12453.319437724098,stop_loss,-32.422399999999996,-8.105599999999999,0.16666666666666666,2,400.0,False,Rule 8,,,,
SOMIUSDT,2025-09-08 16:00:00+00:00,2025-09-08 18:20:00+00:00,1.6961305109443612,1.5604400700688124,471.66181778935214,stop_loss,-64.84479999999988,-8.105599999999985,0.25,4,800.0,False,Rule 8,,,,
MYXUSDT,2025-09-08 16:50:00+00:00,2025-09-08 19:05:00+00:00,10.450008356146151,12.888655000000002,267.9423694769761,take_profit,649.977380853237,23.213477887615607,2.1666666666666665,14,2800.0,True,Rule 6,,,,
HUSDT,2025-09-08 16:50:00+00:00,2025-09-08 19:35:00+00:00,0.04433310613729059,0.040786457646307346,54135.61577588742,stop_loss,-194.5344,-8.1056,2.25,12,2400.0,False,Rule 6,,,,
MYXUSDT,2025-09-08 19:05:00+00:00,2025-09-08 21:25:00+00:00,13.473418856125868,12.3955453476358,178.12850811127336,stop_loss,-194.53439999999955,-8.105599999999981,0.9166666666666666,12,2400.0,False,Rule 6,,,,
MYXUSDT,2025-09-08 21:25:00+00:00,2025-09-08 22:40:00+00:00,12.920940514004203,12.923524702107002,154.78749382309474,breakeven_sl,-1.8002200000001365,-0.09001100000000682,1.25,10,2000.0,True,Rule 6,,,,
PTBUSDT,2025-09-08 16:45:00+00:00,2025-09-08 22:50:00+00:00,0.06624267592588082,0.06094326185181036,21134.411924519252,stop_loss,-113.4784,-8.105599999999999,1.9166666666666667,7,1400.0,False,Rule 6,,,,
HUSDT,2025-09-08 21:25:00+00:00,2025-09-09 03:15:00+00:00,0.04498005586805874,0.04138165139861404,22232.075543288076,stop_loss,-81.05599999999988,-8.105599999999988,0.3333333333333333,5,1000.0,False,Rule 8,,,,
ENAUSDT,2025-09-09 07:15:00+00:00,2025-09-09 14:20:00+00:00,0.872,0.8022400000000001,229.3577981651376,stop_loss,-16.211199999999998,-8.105599999999999,0.0,1,200.0,False,Rule 8,,,,
PTBUSDT,2025-09-09 14:55:00+00:00,2025-09-09 15:15:00+00:00,0.06834890964772189,0.06288099687590414,11704.649044487931,stop_loss,-64.8448000000001,-8.105600000000013,0.25,4,800.0,False,Rule 8,,,,
MYXUSDT,2025-09-08 22:50:00+00:00,2025-09-09 15:20:00+00:00,15.343162457388015,17.539808,364.9834260409266,take_profit,795.1382593712854,14.198897488772952,16.5,28,5600.0,True,Rule 6,,,,
NAORISUSDT,2025-09-09 17:30:00+00:00,2025-09-09 17:30:00+00:00,0.03829,0.0352268,5223.295899712719,stop_loss,-16.21119999999997,-8.105599999999985,0.0,1,200.0,False,Rule 6,,,,
MYXUSDT,2025-09-09 15:25:00+00:00,2025-09-09 19:05:00+00:00,17.203699299021757,15.827403355100017,23.25081327262823,stop_loss,-32.42239999999994,-8.105599999999985,0.16666666666666666,2,400.0,False,Rule 8,,,,
NAORISUSDT,2025-09-09 17:35:00+00:00,2025-09-09 21:35:00+00:00,0.03948597934120205,0.03632710099390589,65846.15712663872,stop_loss,-210.7455999999991,-8.105599999999964,3.75,13,2600.0,False,Rule 8,,,,
MYXUSDT,2025-09-09 20:20:00+00:00,2025-09-09 23:50:00+00:00,16.72136,15.383651200000001,11.960749604099188,stop_loss,-16.21119999999997,-8.105599999999985,0.0,1,200.0,False,Rule 6,,,,
MYXUSDT,2025-09-10 01:15:00+00:00,2025-09-10 03:30:00+00:00,15.811867586380904,14.546918179470433,50.59490889545881,stop_loss,-64.84479999999999,-8.105599999999999,0.3333333333333333,4,800.0,False,Rule 8,,,,
SOONUSDT,2025-09-09 21:10:00+00:00,2025-09-10 05:10:00+00:00,0.37814255243300166,0.3544,1586.703205284749,negative_pnl_8h,-38.31166423585906,-6.385277372643178,0.5833333333333334,3,600.0,False,Rule 8,,,,
PTBUSDT,2025-09-09 21:35:00+00:00,2025-09-10 06:40:00+00:00,0.07408686704597911,0.07248,18896.736436852498,negative_pnl_8h,-31.88784255824956,-2.2777030398749685,6.5,7,1400.0,False,Rule 8,,,,
NAORISUSDT,2025-09-09 23:50:00+00:00,2025-09-10 12:30:00+00:00,0.04182340189851922,0.04183176657889892,38256.09413319027,breakeven_sl,-1.4401760000000636,-0.09001100000000398,12.5,8,1600.0,True,Rule 8,,,,
MYXUSDT,2025-09-10 04:20:00+00:00,2025-09-10 14:05:00+00:00,17.160423672537576,17.1097,128.20196295740277,negative_pnl_8h,-8.919297806812775,-0.4054226275823989,8.25,11,2200.0,False,Rule 8,,,,
NAORISUSDT,2025-09-10 14:05:00+00:00,2025-09-10 14:20:00+00:00,0.05155862517466015,0.051568936899695085,15516.317537364846,breakeven_sl,-0.7200880000000318,-0.09001100000000398,0.25,4,800.0,True,Rule 6,,,,
NAORISUSDT,2025-09-10 14:25:00+00:00,2025-09-10 14:35:00+00:00,0.05842145906844437,0.05374774234296882,10270.198820215406,stop_loss,-48.6336,-8.1056,0.16666666666666666,3,600.0,False,Rule 6,,,,
LINEAUSDT,2025-09-10 15:20:00+00:00,2025-09-10 15:20:00+00:00,0.031,0.02852,6451.612903225807,stop_loss,-16.211199999999998,-8.105599999999999,0.0,1,200.0,False,Rule 6,,,,
NAORISUSDT,2025-09-10 14:40:00+00:00,2025-09-10 16:00:00+00:00,0.06358013874800698,0.075348,47184.546291888044,take_profit,551.6558003444796,18.388526678149322,1.3333333333333333,15,3000.0,True,Rule 6,,,,
LINEAUSDT,2025-09-10 15:35:00+00:00,2025-09-10 16:05:00+00:00,0.028444978027772898,0.026169379785551068,14062.236209479612,stop_loss,-32.422399999999996,-8.105599999999999,0.3333333333333333,2,400.0,False,Rule 8,,,,
NAORISUSDT,2025-09-10 16:05:00+00:00,2025-09-10 16:05:00+00:00,0.08513,0.0783196,2349.3480559144837,stop_loss,-16.211199999999998,-8.105599999999999,0.0,1,200.0,False,Rule 6,,,,
NAORISUSDT,2025-09-10 16:10:00+00:00,2025-09-10 16:15:00+00:00,0.08983154560106708,0.08264502195298172,4452.778779699061,stop_loss,-32.422399999999996,-8.105599999999999,0.08333333333333333,2,400.0,False,Rule 6,,,,
NAORISUSDT,2025-09-10 16:20:00+00:00,2025-09-10 16:40:00+00:00,0.09628389894174852,0.09630315572153687,10385.952490405452,breakeven_sl,-0.9001100000000682,-0.09001100000000682,0.3333333333333333,5,1000.0,True,Rule 6,,,,
NAORISUSDT,2025-09-10 16:45:00+00:00,2025-09-10 16:45:00+00:00,0.12483,0.1148436,1602.1789633902108,stop_loss,-16.21119999999997,-8.105599999999985,0.0,1,200.0,False,Rule 6,,,,
NAORISUSDT,2025-09-10 16:50:00+00:00,2025-09-10 17:05:00+00:00,0.11493840537925093,0.10574333294891086,6960.2496864326495,stop_loss,-64.84479999999988,-8.105599999999985,0.25,4,800.0,False,Rule 6,,,,
NAORISUSDT,2025-09-10 18:35:00+00:00,2025-09-10 21:05:00+00:00,0.08582831760456718,0.07896205219620181,4660.466512263487,stop_loss,-32.42239999999994,-8.105599999999985,0.08333333333333333,2,400.0,False,Rule 6,,,,
PTBUSDT,2025-09-10 21:05:00+00:00,2025-09-10 21:55:00+00:00,0.04468315358321389,0.04110850129655678,22379.79909223931,stop_loss,-81.05600000000011,-8.105600000000011,0.5,5,1000.0,False,Rule 8,,,,
NAORISUSDT,2025-09-10 21:40:00+00:00,2025-09-10 22:05:00+00:00,0.075,0.069,2666.666666666667,stop_loss,-16.21119999999997,-8.105599999999985,0.0,1,200.0,False,Rule 8,,,,
NAORISUSDT,2025-09-10 23:05:00+00:00,2025-09-11 00:25:00+00:00,0.08385218093402647,0.102154,9540.598599688505,take_profit,173.6342736824355,21.704284210304436,1.3333333333333333,4,800.0,True,Rule 8,,,,
NAORISUSDT,2025-09-11 00:30:00+00:00,2025-09-11 00:30:00+00:00,0.11207,0.10310440000000001,1784.598911394664,stop_loss,-16.211199999999998,-8.105599999999999,0.0,1,200.0,False,Rule 6,,,,
NAORISUSDT,2025-09-11 00:35:00+00:00,2025-09-11 01:25:00+00:00,0.10825,0.09959,1847.5750577367205,stop_loss,-16.211199999999998,-8.105599999999999,0.0,1,200.0,False,Rule 6,,,,
NAORISUSDT,2025-09-11 03:55:00+00:00,2025-09-11 04:45:00+00:00,0.08945,0.082294,2235.8859698155393,stop_loss,-16.211199999999998,-8.105599999999999,0.0,1,200.0,False,Rule 6,,,,
MYXUSDT,2025-09-10 22:05:00+00:00,2025-09-11 08:35:00+00:00,17.44093003937571,17.0577,137.60734058227476,negative_pnl_8h,-55.34626215312958,-2.306094256380399,4.166666666666667,12,2400.0,False,Rule 8,,,,
LINEAUSDT,2025-09-11 02:05:00+00:00,2025-09-11 10:25:00+00:00,0.02459,0.0243,8133.387555917039,negative_pnl_8h,-2.5773851159007815,-1.2886925579503907,0.0,1,200.0,False,Rule 8,,,,
PTBUSDT,2025-09-10 23:30:00+00:00,2025-09-11 12:00:00+00:00,0.04702989608538842,0.054496,59536.59763390214,take_profit,441.18194612357,15.756498075841785,12.5,14,2800.0,True,Rule 8,,,,
BIOUSDT,2025-09-11 03:05:00+00:00,2025-09-11 12:00:00+00:00,0.1574,0.14602,1270.6480304955526,negative_pnl_8h,-14.672021601016525,-7.336010800508262,0.0,1,200.0,False,Rule 8,,,,
MYXUSDT,2025-09-11 09:25:00+00:00,2025-09-11 12:00:00+00:00,18.424022270784118,16.95010048912139,32.5661786108156,stop_loss,-48.6336,-8.1056,0.25,3,600.0,False,Rule 8,,,,
PTBUSDT,2025-09-11 12:55:00+00:00,2025-09-12 07:00:00+00:00,0.06029307874391753,0.06030513735966631,23219.91228787988,breakeven_sl,-1.2601540000000273,-0.09001100000000195,8.833333333333334,7,1400.0,True,Rule 8,,,,
MYXUSDT,2025-09-12 04:10:00+00:00,2025-09-12 07:40:00+00:00,14.84337349757441,16.04629,134.74025970759442,take_profit,159.7921372383061,7.989606861915305,3.4166666666666665,10,2000.0,True,Rule 8,,,,
NAORISUSDT,2025-09-11 15:30:00+00:00,2025-09-12 07:55:00+00:00,0.08261908059854449,0.08933600000000001,14524.489879413406,take_profit,96.18616996194923,8.01551416349577,16.333333333333332,6,1200.0,True,Rule 8,,,,
PTBUSDT,2025-09-12 07:40:00+00:00,2025-09-12 08:10:00+00:00,0.05697076487237731,0.05241310368258713,10531.717475517244,stop_loss,-48.63359999999989,-8.105599999999981,0.25,3,600.0,False,Rule 8,,,,
MYXUSDT,2025-09-12 07:40:00+00:00,2025-09-12 20:30:00+00:00,16.747750331054363,15.407930304570014,143.3028288909837,stop_loss,-194.53440000000091,-8.105600000000038,1.0,12,2400.0,False,Rule 6,,,,
NAORISUSDT,2025-09-12 07:55:00+00:00,2025-09-12 20:30:00+00:00,0.0986504865531763,0.117325,20273.5948891841,take_profit,376.19129063731924,18.809564531865963,12.583333333333334,10,2000.0,True,Rule 8,,,,
PTBUSDT,2025-09-12 09:35:00+00:00,2025-09-12 21:20:00+00:00,0.05753528463088335,0.067392,31285.149826717112,take_profit,306.21921427270206,17.012178570705668,5.0,9,1800.0,True,Rule 8,,,,
NAORISUSDT,2025-09-12 20:35:00+00:00,2025-09-12 23:45:00+00:00,0.1372473399468476,0.13727478941483695,24772.793420380567,breakeven_sl,-3.0603739999992547,-0.09001099999997808,2.4166666666666665,17,3400.0,True,Rule 8,,,,
USELESSUSDT,2025-09-10 13:25:00+00:00,2025-09-13 11:20:00+00:00,0.2406227606504876,0.28119,19117.06102766251,take_profit,770.0398508537182,16.739996757689525,57.25,23,4600.0,True,Rule 8,,,,
HUSDT,2025-09-12 22:30:00+00:00,2025-09-13 11:20:00+00:00,0.05635613904766473,0.055269,28390.873240034358,negative_pnl_8h,-32.60785124174812,-2.0379907026092576,1.5833333333333333,8,1600.0,False,Rule 6,,,,
MYXUSDT,2025-09-13 00:25:00+00:00,2025-09-13 11:20:00+00:00,15.362203425490032,14.13322715145083,78.1137944058778,stop_loss,-97.2672,-8.1056,0.4166666666666667,6,1200.0,False,Rule 8,,,,
SOMIUSDT,2025-09-13 11:20:00+00:00,2025-09-13 12:20:00+00:00,1.2296959606381281,1.2299418998302558,2114.3437753920716,breakeven_sl,-2.3402859999995638,-0.09001099999998323,1.0,13,2600.0,True,Rule 8,,,,
LINEAUSDT,2025-09-13 13:00:00+00:00,2025-09-13 14:20:00+00:00,0.02712603692477042,0.024955953970788786,22118.970112147264,stop_loss,-48.6336,-8.1056,0.16666666666666666,3,600.0,False,Rule 8,,,,
SOMIUSDT,2025-09-13 12:25:00+00:00,2025-09-13 15:30:00+00:00,1.3988899592522597,1.39916973724411,2144.557533033958,breakeven_sl,-2.700330000000091,-0.09001100000000305,2.5833333333333335,15,3000.0,True,Rule 8,,,,
BIOUSDT,2025-09-13 15:30:00+00:00,2025-09-13 16:35:00+00:00,0.18296,0.1683232,1093.1351114997813,stop_loss,-16.211199999999998,-8.105599999999999,0.0,1,200.0,False,Rule 8,,,,
NAORISUSDT,2025-09-13 16:25:00+00:00,2025-09-13 17:05:00+00:00,0.0917274519346877,0.08438925577991269,10901.861753578696,stop_loss,-81.056,-8.1056,0.4166666666666667,5,1000.0,False,Rule 6,,,,
HUSDT,2025-09-13 12:40:00+00:00,2025-09-13 17:45:00+00:00,0.06765453437207468,0.0768755,73904.87639013029,take_profit,675.5995140507495,13.51199028101499,5.083333333333333,25,5000.0,True,Rule 8,,,,
HUSDT,2025-09-13 17:50:00+00:00,2025-09-14 02:45:00+00:00,0.0803541789737039,0.08037024980949864,32356.74899809326,breakeven_sl,-2.3402860000000185,-0.09001100000000072,2.25,13,2600.0,True,Rule 8,,,,
ZEREBROUSDT,2025-09-13 23:50:00+00:00,2025-09-14 02:55:00+00:00,0.025324653792223716,0.02329868148884582,94769.31134738565,stop_loss,-194.5344,-8.1056,0.9166666666666666,12,2400.0,False,Rule 6,,,,
LINEAUSDT,2025-09-14 00:10:00+00:00,2025-09-14 08:40:00+00:00,0.03056905206330281,0.03013,45797.95268433123,negative_pnl_8h,-21.636626394008413,-1.5454733138577437,6.916666666666667,7,1400.0,False,Rule 8,,,,
PTBUSDT,2025-09-14 09:00:00+00:00,2025-09-14 09:15:00+00:00,0.07236883791626365,0.06657933088296257,5527.240888721068,stop_loss,-32.42239999999994,-8.105599999999985,0.08333333333333333,2,400.0,False,Rule 6,,,,
SOMIUSDT,2025-09-14 08:40:00+00:00,2025-09-15 00:15:00+00:00,1.405468640224758,1.2930311490067774,1138.4103168208244,stop_loss,-129.68959999999998,-8.105599999999999,0.5833333333333334,8,1600.0,False,Rule 8,,,,
NAORISUSDT,2025-09-15 00:15:00+00:00,2025-09-15 09:55:00+00:00,0.08993491966420192,0.08274012609106576,4447.66061384739,stop_loss,-32.422399999999996,-8.105599999999999,0.08333333333333333,2,400.0,False,Rule 8,,,,
MYXUSDT,2025-09-14 16:25:00+00:00,2025-09-15 21:40:00+00:00,11.831323281791297,10.884817419247995,33.808559742054385,stop_loss,-32.42239999999994,-8.105599999999985,17.5,2,400.0,False,Rule 6,,,,
ZEREBROUSDT,2025-09-15 21:40:00+00:00,2025-09-16 07:45:00+00:00,0.02175,0.0209,9195.402298850575,negative_pnl_8h,-8.031793103448281,-4.015896551724141,0.0,1,200.0,False,Rule 6,,,,
NAORISUSDT,2025-09-15 23:35:00+00:00,2025-09-16 07:45:00+00:00,0.06812,0.0626704,2935.995302407516,stop_loss,-16.211199999999998,-8.105599999999999,0.0,1,200.0,False,Rule 8,,,,
MERLUSDT,2025-09-16 01:45:00+00:00,2025-09-16 10:50:00+00:00,0.19792194958011972,0.19796153397003574,8083.994743353681,breakeven_sl,-1.4401759999998365,-0.09001099999998978,6.0,8,1600.0,True,Rule 8,,,,
SOMIUSDT,2025-09-16 10:50:00+00:00,2025-09-16 15:55:00+00:00,1.3995175607310548,1.399797464243201,1571.9702715632975,breakeven_sl,-1.9802420000004,-0.09001100000001817,4.416666666666667,11,2200.0,True,Rule 6,,,,
MERLUSDT,2025-09-16 15:30:00+00:00,2025-09-16 17:20:00+00:00,0.20074272691146425,0.1846833087585471,4981.500527493785,stop_loss,-81.05600000000011,-8.105600000000011,0.4166666666666667,5,1000.0,False,Rule 8,,,,
HUSDT,2025-09-16 15:30:00+00:00,2025-09-16 17:20:00+00:00,0.05010327743017094,0.04609501523575727,7983.50967274508,stop_loss,-32.422399999999996,-8.105599999999999,0.5,2,400.0,False,Rule 6,,,,
MYXUSDT,2025-09-16 17:20:00+00:00,2025-09-17 04:05:00+00:00,13.036908739049403,14.6744,184.09272075452128,take_profit,298.6444238183552,12.443517659098134,10.75,12,2400.0,True,Rule 8,,,,
MYXUSDT,2025-09-17 04:10:00+00:00,2025-09-17 07:00:00+00:00,15.428163410130109,15.431249042812135,220.37619835991399,breakeven_sl,-3.060374000000164,-0.09001100000000482,2.8333333333333335,17,3400.0,True,Rule 8,,,,
MYXUSDT,2025-09-17 07:05:00+00:00,2025-09-18 02:35:00+00:00,16.408898502420556,16.2021,109.69657711847466,negative_pnl_8h,-24.652611070433636,-1.3695895039129797,16.666666666666668,9,1800.0,False,Rule 8,,,,
NAORISUSDT,2025-09-18 02:35:00+00:00,2025-09-18 04:10:00+00:00,0.06952166288070978,0.08118500000000001,40275.216155350594,take_profit,466.40506468917374,16.657323738899063,1.5833333333333333,14,2800.0,True,Rule 8,,,,
NAORISUSDT,2025-09-18 04:15:00+00:00,2025-09-18 16:00:00+00:00,0.07863476414035453,0.09701900000000001,20347.23468037843,take_profit,372.1026238568345,23.256413991052156,10.583333333333334,8,1600.0,True,Rule 6,,,,
NAORISUSDT,2025-09-18 16:00:00+00:00,2025-09-18 20:45:00+00:00,0.09813586365479238,0.09028499456240899,30569.863944469373,stop_loss,-243.168,-8.1056,4.75,15,3000.0,False,Rule 6,,,,
USELESSUSDT,2025-09-18 16:00:00+00:00,2025-09-20 06:20:00+00:00,0.25049404725200497,0.23045452347184459,2395.2665006700977,stop_loss,-48.63359999999989,-8.105599999999981,0.3333333333333333,3,600.0,False,Rule 8,,,,
NAORISUSDT,2025-09-18 20:50:00+00:00,2025-09-20 06:20:00+00:00,0.07890132434235782,0.0725892183949692,12674.058494391513,stop_loss,-81.056,-8.1056,0.5,5,1000.0,False,Rule 8,,,,
HUSDT,2025-09-18 22:40:00+00:00,2025-09-20 06:20:00+00:00,0.059529463677672416,0.055476,6719.361729274694,negative_pnl_8h,-27.661708527968376,-6.915427131992094,0.08333333333333333,2,400.0,False,Rule 8,,,,
BIOUSDT,2025-09-20 06:20:00+00:00,2025-09-21 13:05:00+00:00,0.19805994311487285,0.18221514766568303,3029.385904912665,stop_loss,-48.6336,-8.1056,0.16666666666666666,3,600.0,False,Rule 8,,,,
MERLUSDT,2025-09-21 13:05:00+00:00,2025-09-21 15:30:00+00:00,0.25409845229338707,0.293293,21251.605239078963,take_profit,826.5489345047251,15.306461750087502,2.4166666666666665,27,5400.0,True,Rule 8,,,,
MYXUSDT,2025-09-21 16:55:00+00:00,2025-09-21 20:55:00+00:00,10.9078,10.035176,18.335503034525754,stop_loss,-16.21119999999997,-8.105599999999985,0.0,1,200.0,False,Rule 6,,,,
MERLUSDT,2025-09-21 15:35:00+00:00,2025-09-21 21:05:00+00:00,0.31238218516974564,0.37999,7042.655133501099,take_profit,473.4566479907842,21.520756726853826,5.5,11,2200.0,True,Rule 8,,,,
MERLUSDT,2025-09-21 21:10:00+00:00,2025-09-22 03:15:00+00:00,0.35068563153191784,0.32263078100936443,6273.42497720716,stop_loss,-178.3231999999998,-8.10559999999999,6.083333333333333,11,2200.0,False,Rule 6,,,,
PTBUSDT,2025-09-22 06:30:00+00:00,2025-09-22 07:20:00+00:00,0.06258,0.0575736,3195.909236177693,stop_loss,-16.21119999999997,-8.105599999999985,0.0,1,200.0,False,Rule 8,,,,
PTBUSDT,2025-09-22 12:40:00+00:00,2025-09-22 13:00:00+00:00,0.06826851160407058,0.06280703067574493,5859.2166520318515,stop_loss,-32.422399999999996,-8.105599999999999,0.08333333333333333,2,400.0,False,Rule 6,,,,
MERLUSDT,2025-09-22 03:55:00+00:00,2025-09-22 18:45:00+00:00,0.30863367883558085,0.30869540557134795,6480.17419079356,breakeven_sl,-1.8002200000003639,-0.09001100000001819,9.083333333333334,10,2000.0,True,Rule 8,,,,
HUSDT,2025-09-22 07:05:00+00:00,2025-09-22 18:45:00+00:00,0.059279,0.057969,3373.8760775316723,negative_pnl_8h,-4.637346783852624,-2.318673391926312,0.0,1,200.0,False,Rule 8,,,,
MYXUSDT,2025-09-22 07:05:00+00:00,2025-09-22 18:45:00+00:00,9.8077,9.3457,20.39214086890912,negative_pnl_8h,-9.635987438441244,-4.817993719220622,0.0,1,200.0,False,Rule 8,,,,
ZEREBROUSDT,2025-09-22 18:45:00+00:00,2025-09-23 06:55:00+00:00,0.02138,0.0196696,9354.536950420954,stop_loss,-16.211200000000026,-8.105600000000013,0.0,1,200.0,False,Rule 6,,,,
PTBUSDT,2025-09-22 18:45:00+00:00,2025-09-23 06:55:00+00:00,0.06628,0.06097760000000001,3017.501508750754,stop_loss,-16.211199999999998,-8.105599999999999,0.0,1,200.0,False,Rule 8,,,,
SOMIUSDT,2025-09-23 06:55:00+00:00,2025-09-25 08:35:00+00:00,1.0350681550110892,0.9522627026102021,1932.2399112728697,stop_loss,-162.112,-8.1056,0.8333333333333334,10,2000.0,False,Rule 8,,,,
MERLUSDT,2025-09-23 12:30:00+00:00,2025-09-25 08:35:00+00:00,0.3237028057057486,0.2978065812492887,8032.058895292506,stop_loss,-210.7456,-8.1056,1.0,13,2600.0,False,Rule 8,,,,
MYXUSDT,2025-09-25 08:35:00+00:00,2025-09-25 09:05:00+00:00,10.986980608026892,10.989178004148497,127.42354336888381,breakeven_sl,-1.2601539999998002,-0.09001099999998573,0.5,7,1400.0,True,Rule 8,,,,
MYXUSDT,2025-09-25 09:10:00+00:00,2025-09-26 14:35:00+00:00,10.878040282752375,10.007797060132186,55.15699376029404,stop_loss,-48.6336,-8.1056,0.16666666666666666,3,600.0,False,Rule 6,,,,
LINEAUSDT,2025-09-26 14:35:00+00:00,2025-09-27 04:05:00+00:00,0.02757499184043518,0.02754,14505.897311398347,negative_pnl_8h,-0.9473088706653238,-0.2368272176663309,0.9166666666666666,2,400.0,False,Rule 6,,,,
HUSDT,2025-09-26 21:20:00+00:00,2025-09-27 05:20:00+00:00,0.06476945505174744,0.063574,9263.625879214685,negative_pnl_8h,-11.728157518210347,-1.9546929197017244,0.4166666666666667,3,600.0,False,Rule 8,,,,
HUSDT,2025-09-27 10:45:00+00:00,2025-09-27 12:35:00+00:00,0.07975736820825212,0.07337677875159196,32598.869025006145,stop_loss,-210.7456,-8.1056,1.1666666666666667,13,2600.0,False,Rule 8,,,,
MYXUSDT,2025-09-27 03:55:00+00:00,2025-09-27 13:20:00+00:00,11.915853720683522,13.70655,335.6872359935743,take_profit,596.3832718712464,14.90958179678116,9.416666666666666,20,4000.0,True,Rule 8,,,,
MYXUSDT,2025-09-27 13:30:00+00:00,2025-09-28 00:25:00+00:00,14.571119368126254,14.2776,178.43515891355588,negative_pnl_8h,-55.205369299512036,-2.1232834345966167,2.6666666666666665,13,2600.0,False,Rule 8,,,,
PTBUSDT,2025-09-27 14:10:00+00:00,2025-09-28 10:35:00+00:00,0.05197735578106714,0.05198775125222335,19239.14722041809,breakeven_sl,-0.9001100000000682,-0.09001100000000682,0.5,5,1000.0,True,Rule 8,,,,
HUSDT,2025-09-27 19:00:00+00:00,2025-09-28 10:35:00+00:00,0.06233944564080454,0.07342270000000001,86622.52197612434,take_profit,953.5914116020217,17.659100214852256,10.25,27,5400.0,True,Rule 8,,,,
HUSDT,2025-09-28 13:40:00+00:00,2025-09-28 22:45:00+00:00,0.076961,0.075366,2598.718831616013,negative_pnl_8h,-4.362676810332508,-2.181338405166254,0.0,1,200.0,False,Rule 6,,,,
NAORISUSDT,2025-09-28 07:35:00+00:00,2025-09-29 13:20:00+00:00,0.05984496616258668,0.05726,6683.937274077169,negative_pnl_8h,-17.708248922913842,-4.427062230728461,0.16666666666666666,2,400.0,False,Rule 8,,,,
MERLUSDT,2025-09-28 22:45:00+00:00,2025-09-29 13:30:00+00:00,0.3344062692407176,0.3341,4186.524382987061,negative_pnl_8h,-2.8214984320187444,-0.20153560228705317,0.5,7,1400.0,False,Rule 8,,,,
USELESSUSDT,2025-09-29 14:00:00+00:00,2025-09-29 17:40:00+00:00,0.17133297576098214,0.17136724235613432,21011.717003165668,breakeven_sl,-3.240396000000655,-0.0900110000000182,2.5833333333333335,18,3600.0,True,Rule 8,,,,
HUSDT,2025-09-29 13:20:00+00:00,2025-09-30 19:15:00+00:00,0.07604619411513552,0.07522,23669.82359794051,negative_pnl_8h,-21.525113234985323,-1.1958396241658513,28.916666666666668,9,1800.0,False,Rule 8,,,,
MYXUSDT,2025-09-28 10:35:00+00:00,2025-10-01 04:25:00+00:00,14.133730874018593,14.136557620193395,240.55927131385164,breakeven_sl,-3.060374000000164,-0.09001100000000482,2.5,17,3400.0,True,Rule 8,,,,
PTBUSDT,2025-09-29 17:40:00+00:00,2025-10-01 04:25:00+00:00,0.06196550672511779,0.06197789982646281,45186.429482791864,breakeven_sl,-2.5203080000000546,-0.09001100000000195,26.083333333333332,14,2800.0,True,Rule 8,,,,
NAORISUSDT,2025-09-30 18:15:00+00:00,2025-10-01 04:25:00+00:00,0.056177239954246394,0.05556,17800.803329149865,negative_pnl_8h,-12.081323980565715,-1.2081323980565715,0.3333333333333333,5,1000.0,False,Rule 8,,,,
SOMIUSDT,2025-10-01 04:25:00+00:00,2025-10-01 04:25:00+00:00,0.8982,0.8263440000000001,222.667557336896,stop_loss,-16.211199999999998,-8.105599999999999,0.0,1,200.0,False,Rule 6,,,,
USELESSUSDT,2025-09-30 18:55:00+00:00,2025-10-01 04:40:00+00:00,0.17609795570698467,0.176,2271.4630524477725,negative_pnl_8h,-0.6623803926690344,-0.1655950981672586,0.08333333333333333,2,400.0,False,Rule 8,,,,
SOMIUSDT,2025-10-01 04:30:00+00:00,2025-10-01 07:25:00+00:00,0.9306951134885196,0.8562395044094381,2793.6108853676405,stop_loss,-210.7456,-8.1056,1.0833333333333333,13,2600.0,False,Rule 6,,,,
SOMIUSDT,2025-10-01 08:20:00+00:00,2025-10-01 11:00:00+00:00,0.8680297619118309,0.8682033678642133,2764.882156475848,breakeven_sl,-2.160263999999982,-0.09001099999999924,2.6666666666666665,12,2400.0,True,Rule 6,,,,
SOMIUSDT,2025-10-01 11:05:00+00:00,2025-10-02 03:25:00+00:00,0.9932542757913155,0.9934529266464738,2819.016306543728,breakeven_sl,-2.5203080000000546,-0.09001100000000195,4.333333333333333,14,2800.0,True,Rule 8,,,,
MYXUSDT,2025-10-01 07:25:00+00:00,2025-10-02 04:10:00+00:00,15.461119530762574,15.464211754668726,116.42106487946027,breakeven_sl,-1.6201980000001002,-0.09001100000000557,0.75,9,1800.0,True,Rule 8,,,,
SOONUSDT,2025-10-02 16:10:00+00:00,2025-10-02 16:15:00+00:00,0.5432,0.499744,368.1885125184094,stop_loss,-16.211199999999998,-8.105599999999999,0.0,1,200.0,False,Rule 8,,,,
SOONUSDT,2025-10-02 17:20:00+00:00,2025-10-02 22:10:00+00:00,0.5342570522696388,0.49151648808806775,1123.054899230756,stop_loss,-48.6336,-8.1056,0.16666666666666666,3,600.0,False,Rule 8,,,,
USELESSUSDT,2025-10-01 11:55:00+00:00,2025-10-03 00:40:00+00:00,0.22555925839703483,0.22560437024871424,10640.219413097477,breakeven_sl,-2.160263999999982,-0.09001099999999924,28.75,12,2400.0,True,Rule 8,,,,
MERLUSDT,2025-10-02 16:45:00+00:00,2025-10-03 00:45:00+00:00,0.31705355359277493,0.30878,3784.8495511306764,negative_pnl_8h,-32.61693281628872,-2.718077734690726,0.9166666666666666,6,1200.0,False,Rule 8,,,,
MYXUSDT,2025-10-02 22:10:00+00:00,2025-10-03 09:35:00+00:00,11.039364695209246,11.041572568148288,253.6377841756706,breakeven_sl,-2.5203079999996003,-0.09001099999998573,3.0833333333333335,14,2800.0,True,Rule 8,,,,
NAORISUSDT,2025-10-02 12:45:00+00:00,2025-10-03 15:50:00+00:00,0.06285691272539463,0.06286948410793972,50909.27729747022,breakeven_sl,-2.8803520000001273,-0.09001100000000398,1.3333333333333333,16,3200.0,True,Rule 6,,,,
SOMIUSDT,2025-10-03 09:35:00+00:00,2025-10-03 18:20:00+00:00,0.8562686824875374,0.8183,700.7146381401526,negative_pnl_8h,-27.250578743527658,-4.541763123921276,0.16666666666666666,3,600.0,False,Rule 8,,,,
USELESSUSDT,2025-10-03 15:50:00+00:00,2025-10-03 18:20:00+00:00,0.2624491010925676,0.2414531730051622,5334.367670423876,stop_loss,-113.47839999999977,-8.105599999999983,0.5,7,1400.0,False,Rule 8,,,,
MERLUSDT,2025-10-03 18:20:00+00:00,2025-10-04 03:15:00+00:00,0.3413174634082125,0.32969,7617.541669382513,negative_pnl_8h,-91.38397204341761,-3.514768155516062,1.6666666666666667,13,2600.0,False,Rule 8,,,,
MYXUSDT,2025-10-04 05:55:00+00:00,2025-10-04 07:15:00+00:00,6.430137477512592,5.915726479311585,279.93180648080084,stop_loss,-145.9008,-8.1056,0.6666666666666666,9,1800.0,False,Rule 8,,,,
BIOUSDT,2025-10-01 09:15:00+00:00,2025-10-04 12:50:00+00:00,0.13926982896722995,0.13988,5744.244865757961,time_limit_72h,2.6230440877213015,0.3278805109651627,0.25,4,800.0,True,Rule 8,,,,
SOMIUSDT,2025-10-04 03:15:00+00:00,2025-10-04 13:00:00+00:00,0.9392459515570935,0.9322,425.87354178836233,negative_pnl_8h,-3.439033968498923,-0.8597584921247308,0.08333333333333333,2,400.0,False,Rule 8,,,,
USELESSUSDT,2025-10-04 07:00:00+00:00,2025-10-04 20:10:00+00:00,0.2491983920491074,0.2365,4012.8669843220277,negative_pnl_8h,-52.02893188082613,-5.202893188082613,0.3333333333333333,5,1000.0,False,Rule 6,,,,
MYXUSDT,2025-10-04 12:50:00+00:00,2025-10-04 20:10:00+00:00,6.170517963918852,5.676876526805343,259.29751916382907,stop_loss,-129.68959999999998,-8.105599999999999,7.333333333333333,8,1600.0,False,Rule 8,,,,
MYXUSDT,2025-10-04 20:15:00+00:00,2025-10-05 06:00:00+00:00,5.676543874347628,5.6643,105.69811724901967,negative_pnl_8h,-1.9534426814213963,-0.3255737802368994,0.5,3,600.0,False,Rule 8,,,,
SOMIUSDT,2025-10-05 02:40:00+00:00,2025-10-06 02:55:00+00:00,0.9668,0.889456,206.8680182043856,stop_loss,-16.211199999999998,-8.105599999999999,0.0,1,200.0,False,Rule 8,,,,
HUSDT,2025-10-05 06:00:00+00:00,2025-10-06 02:55:00+00:00,0.07544214534614886,0.06940677371845695,26510.380780178795,stop_loss,-162.112,-8.1056,1.6666666666666667,10,2000.0,False,Rule 8,,,,
MYXUSDT,2025-10-06 02:55:00+00:00,2025-10-06 08:55:00+00:00,5.832783321956431,6.535100000000001,240.02263117334732,take_profit,166.93918243760274,11.924227316971624,6.0,7,1400.0,True,Rule 8,,,,
MYXUSDT,2025-10-06 09:00:00+00:00,2025-10-06 10:10:00+00:00,7.077112134840866,6.5109431640535975,113.0404584182823,stop_loss,-64.84479999999988,-8.105599999999985,0.25,4,800.0,False,Rule 6,,,,
NAORISUSDT,2025-10-06 10:10:00+00:00,2025-10-06 10:10:00+00:00,0.06651,0.0611892,3007.0666065253345,stop_loss,-16.211199999999998,-8.105599999999999,0.0,1,200.0,False,Rule 6,,,,
NAORISUSDT,2025-10-06 10:15:00+00:00,2025-10-06 10:15:00+00:00,0.07418,0.0682456,2696.1445133459156,stop_loss,-16.21119999999997,-8.105599999999985,0.0,1,200.0,False,Rule 6,,,,
NAORISUSDT,2025-10-06 10:20:00+00:00,2025-10-06 11:30:00+00:00,0.07909485647738106,0.07911067544867653,37929.141458874976,breakeven_sl,-2.700330000000091,-0.09001100000000305,1.1666666666666667,15,3000.0,True,Rule 6,,,,
SOONUSDT,2025-10-06 17:20:00+00:00,2025-10-06 18:25:00+00:00,0.6116430731931053,0.69875,4577.833253931081,take_profit,395.4616676419416,14.123630987212199,1.0833333333333333,14,2800.0,True,Rule 6,,,,
SOONUSDT,2025-10-06 18:30:00+00:00,2025-10-06 19:10:00+00:00,0.7366656836762455,0.6777324289821459,2171.948599553849,stop_loss,-129.68959999999976,-8.105599999999985,0.6666666666666666,8,1600.0,False,Rule 6,,,,
NAORISUSDT,2025-10-06 11:35:00+00:00,2025-10-06 20:10:00+00:00,0.08858279539962317,0.08328,33866.62146375166,negative_pnl_8h,-182.78899122828702,-6.092966374276234,4.166666666666667,15,3000.0,False,Rule 6,,,,
SOONUSDT,2025-10-06 20:10:00+00:00,2025-10-07 08:05:00+00:00,0.7598652929276828,0.7600172659862683,1579.227280372977,breakeven_sl,-1.080131999999991,-0.09001099999999924,2.3333333333333335,6,1200.0,True,Rule 6,,,,
MYXUSDT,2025-10-06 21:45:00+00:00,2025-10-07 08:05:00+00:00,6.153015416595872,5.7569,195.02632754069947,negative_pnl_8h,-78.53044586670768,-6.54420382222564,1.1666666666666667,6,1200.0,False,Rule 8,,,,
API3USDT,2025-10-07 04:20:00+00:00,2025-10-07 13:05:00+00:00,0.9491446585158884,0.9302,2107.16035965188,negative_pnl_8h,-42.0974777634228,-2.10487388817114,3.9166666666666665,10,2000.0,False,Rule 8,,,,
NAORISUSDT,2025-10-07 08:40:00+00:00,2025-10-07 20:15:00+00:00,0.08744549711080139,0.08044985734193728,6861.416766145722,stop_loss,-48.6336,-8.1056,0.5833333333333334,3,600.0,False,Rule 8,,,,
SOONUSDT,2025-10-07 09:10:00+00:00,2025-10-07 20:15:00+00:00,0.8187,0.7886,244.2897276169537,negative_pnl_8h,-7.5690765848296095,-3.7845382924148048,0.0,1,200.0,False,Rule 8,,,,
USELESSUSDT,2025-10-07 13:05:00+00:00,2025-10-08 00:25:00+00:00,0.32896778334638926,0.3149,9119.434035402566,negative_pnl_8h,-131.5196626294934,-4.383988754316447,8.25,15,3000.0,False,Rule 8,,,,
API3USDT,2025-10-08 00:25:00+00:00,2025-10-08 17:00:00+00:00,0.9845674039620755,0.9058020116451095,1625.0791906793922,stop_loss,-129.68959999999998,-8.105599999999999,0.5833333333333334,8,1600.0,False,Rule 8,,,,
SOONUSDT,2025-10-08 05:45:00+00:00,2025-10-08 17:00:00+00:00,0.9574579036604173,0.880861271367584,2088.864682566078,stop_loss,-162.11199999999977,-8.105599999999988,0.8333333333333334,10,2000.0,False,Rule 6,,,,
NAORISUSDT,2025-10-08 17:00:00+00:00,2025-10-08 17:45:00+00:00,0.08927436271534259,0.08213241369811518,15681.993770865614,stop_loss,-113.47840000000022,-8.105600000000015,0.75,7,1400.0,False,Rule 8,,,,
USELESSUSDT,2025-10-08 05:05:00+00:00,2025-10-09 10:10:00+00:00,0.37204853326906523,0.3717,5913.207023474439,negative_pnl_8h,-4.479815852395452,-0.20362799329070239,29.083333333333332,11,2200.0,False,Rule 6,,,,
NAORISUSDT,2025-10-08 17:50:00+00:00,2025-10-09 10:10:00+00:00,0.0905682912059365,0.08361,11041.391934028814,negative_pnl_8h,-77.8869643246331,-7.78869643246331,0.3333333333333333,5,1000.0,False,Rule 8,,,,
USELESSUSDT,2025-10-09 10:40:00+00:00,2025-10-10 09:05:00+00:00,0.40020602792355103,0.36818954568966694,4497.683379081544,stop_loss,-145.9008,-8.1056,1.0,9,1800.0,False,Rule 8,,,,
SOONUSDT,2025-10-09 11:20:00+00:00,2025-10-10 09:05:00+00:00,0.8889201642387086,0.8624,449.98416741121974,negative_pnl_8h,-12.367090514850569,-3.091772628712642,0.08333333333333333,2,400.0,False,Rule 6,,,,
NAORISUSDT,2025-10-09 15:40:00+00:00,2025-10-10 20:30:00+00:00,0.08873530547714853,0.08869,18031.154469987578,negative_pnl_8h,-2.5764607562703485,-0.16102879726689678,25.0,8,1600.0,False,Rule 8,,,,
WLFIUSDT,2025-10-10 20:00:00+00:00,2025-10-10 21:55:00+00:00,0.1641,0.150972,1218.769043266301,stop_loss,-16.211200000000026,-8.105600000000013,0.0,1,200.0,False,Rule 8,,,,
USELESSUSDT,2025-10-10 20:15:00+00:00,2025-10-10 21:55:00+00:00,0.3477522036339677,0.31993202734325027,4600.977314536607,stop_loss,-129.68959999999998,-8.105599999999999,0.5833333333333334,8,1600.0,False,Rule 8,,,,
API3USDT,2025-10-10 20:45:00+00:00,2025-10-10 21:55:00+00:00,0.8325995676195052,0.7659916022099448,480.4230215295986,stop_loss,-32.422399999999996,-8.105599999999999,0.08333333333333333,2,400.0,False,Rule 8,,,,
MERLUSDT,2025-10-10 22:30:00+00:00,2025-10-10 23:05:00+00:00,0.36074,0.33188080000000003,554.4159228253035,stop_loss,-16.211199999999998,-8.105599999999999,0.0,1,200.0,False,Rule 8,,,,
USELESSUSDT,2025-10-10 22:35:00+00:00,2025-10-10 23:45:00+00:00,0.2766,0.27665532,723.0657989877078,breakeven_sl,-0.18002200000003638,-0.09001100000001819,0.0,1,200.0,True,Rule 8,,,,
MYXUSDT,2025-10-10 23:15:00+00:00,2025-10-10 23:55:00+00:00,2.5709,2.57141418,77.7937687191256,breakeven_sl,-0.18002200000000795,-0.09001100000000398,0.0,1,200.0,True,Rule 8,,,,
SOONUSDT,2025-10-10 21:55:00+00:00,2025-10-11 01:15:00+00:00,0.9059331558934633,0.8334585034219864,883.0673596563663,stop_loss,-64.84479999999999,-8.105599999999999,0.5833333333333334,4,800.0,False,Rule 6,,,,
NAORISUSDT,2025-10-10 23:10:00+00:00,2025-10-11 02:20:00+00:00,0.05836411015064433,0.066885,17133.817296603815,take_profit,144.81507242991017,14.481507242991018,3.1666666666666665,5,1000.0,True,Rule 8,,,,
HUSDT,2025-10-10 22:20:00+00:00,2025-10-11 09:00:00+00:00,0.057836662478548954,0.0739713,24206.099384093024,take_profit,388.80183321890655,27.771559515636184,0.8333333333333334,7,1400.0,True,Rule 8,,,,
NAORISUSDT,2025-10-11 02:25:00+00:00,2025-10-11 09:00:00+00:00,0.06813990607572645,0.06268871358966834,5870.275188748645,stop_loss,-32.422399999999996,-8.105599999999999,0.3333333333333333,2,400.0,False,Rule 8,,,,
API3USDT,2025-10-10 22:25:00+00:00,2025-10-11 09:35:00+00:00,0.6253849854381768,0.6253,1599.0150439882223,negative_pnl_8h,-1.2358182530179014,-0.12358182530179014,0.4166666666666667,5,1000.0,False,Rule 8,,,,
ENAUSDT,2025-10-10 22:20:00+00:00,2025-10-11 12:10:00+00:00,0.4241735941172902,0.42425842883611364,3300.5354869234966,breakeven_sl,-1.2601540000000273,-0.09001100000000195,1.0833333333333333,7,1400.0,True,Rule 8,,,,
ZEREBROUSDT,2025-10-11 02:45:00+00:00,2025-10-11 13:45:00+00:00,0.015886956036797757,0.017524,37766.832023092735,take_profit,61.131960092272195,10.1886600153787,11.0,3,600.0,True,Rule 8,,,,
ZEREBROUSDT,2025-10-11 13:50:00+00:00,2025-10-11 14:20:00+00:00,0.017995669885485687,0.022711,44455.13865784101,take_profit,208.62536269849502,26.078170337311878,0.25,4,800.0,True,Rule 8,,,,
ZEREBROUSDT,2025-10-11 14:25:00+00:00,2025-10-11 14:25:00+00:00,0.02468,0.022705600000000003,8103.727714748784,stop_loss,-16.211199999999998,-8.105599999999999,0.0,1,200.0,False,Rule 6,,,,
MYXUSDT,2025-10-11 03:00:00+00:00,2025-10-11 14:55:00+00:00,3.3983155079469896,3.83604,647.37956050734,take_profit,280.79803364946804,12.763546984066728,10.0,11,2200.0,True,Rule 8,,,,
ZEREBROUSDT,2025-10-11 14:30:00+00:00,2025-10-11 15:00:00+00:00,0.027570903361660216,0.031148,43524.14515618325,take_profit,154.28444378446713,12.857036982038927,0.5,6,1200.0,True,Rule 6,,,,
ZEREBROUSDT,2025-10-11 15:05:00+00:00,2025-10-11 15:10:00+00:00,0.03224,0.029660799999999998,6203.47394540943,stop_loss,-16.211199999999998,-8.105599999999999,0.0,1,200.0,False,Rule 6,,,,
ZEREBROUSDT,2025-10-11 15:10:00+00:00,2025-10-11 15:10:00+00:00,0.03253,0.029927600000000006,6148.170919151552,stop_loss,-16.21119999999997,-8.105599999999985,0.0,1,200.0,False,Rule 6,,,,
ZEREBROUSDT,2025-10-11 15:15:00+00:00,2025-10-11 15:25:00+00:00,0.03135008979071011,0.028842082607453304,19138.70116498985,stop_loss,-48.6336,-8.1056,0.16666666666666666,3,600.0,False,Rule 6,,,,
ZEREBROUSDT,2025-10-11 15:30:00+00:00,2025-10-11 15:35:00+00:00,0.02935,0.02935587,6814.310051107325,breakeven_sl,-0.18002200000000795,-0.09001100000000398,0.0,1,200.0,True,Rule 6,,,,
ZEREBROUSDT,2025-10-11 15:35:00+00:00,2025-10-11 15:35:00+00:00,0.03262,0.030010400000000003,6131.207847946045,stop_loss,-16.211199999999998,-8.105599999999999,0.0,1,200.0,False,Rule 6,,,,
ZEREBROUSDT,2025-10-11 15:40:00+00:00,2025-10-11 15:50:00+00:00,0.033916769820218094,0.033923553174182136,11793.575924838113,breakeven_sl,-0.3600440000000159,-0.09001100000000398,0.08333333333333333,2,400.0,True,Rule 6,,,,
ZEREBROUSDT,2025-10-11 15:50:00+00:00,2025-10-11 15:50:00+00:00,0.03906,0.0359352,5120.327700972863,stop_loss,-16.21119999999997,-8.105599999999985,0.0,1,200.0,False,Rule 6,,,,
ZEREBROUSDT,2025-10-11 15:55:00+00:00,2025-10-11 15:55:00+00:00,0.04323,0.0397716,4626.416840157299,stop_loss,-16.211199999999998,-8.105599999999999,0.0,1,200.0,False,Rule 6,,,,
MYXUSDT,2025-10-11 15:10:00+00:00,2025-10-11 16:00:00+00:00,4.119382184846341,3.789831610058634,339.85678851311104,stop_loss,-113.47839999999977,-8.105599999999983,0.75,7,1400.0,False,Rule 8,,,,
ZEREBROUSDT,2025-10-11 16:00:00+00:00,2025-10-11 16:00:00+00:00,0.04783,0.0440036,4181.4760610495505,stop_loss,-16.211199999999998,-8.105599999999999,0.0,1,200.0,False,Rule 6,,,,
ZEREBROUSDT,2025-10-11 16:05:00+00:00,2025-10-11 16:05:00+00:00,0.04759,0.043782800000000004,4202.563563773902,stop_loss,-16.21119999999997,-8.105599999999985,0.0,1,200.0,False,Rule 6,,,,
ZEREBROUSDT,2025-10-11 16:10:00+00:00,2025-10-11 16:25:00+00:00,0.048078415780376194,0.048088031463532264,16639.483373462775,breakeven_sl,-0.7200880000000318,-0.09001100000000398,0.25,4,800.0,True,Rule 6,,,,
ZEREBROUSDT,2025-10-11 16:30:00+00:00,2025-10-11 16:35:00+00:00,0.04474478667827601,0.04116520374401393,8939.58893750193,stop_loss,-32.422399999999996,-8.105599999999999,0.08333333333333333,2,400.0,False,Rule 6,,,,
ZEREBROUSDT,2025-10-11 16:40:00+00:00,2025-10-11 16:40:00+00:00,0.05048,0.0464416,3961.9651347068148,stop_loss,-16.211199999999998,-8.105599999999999,0.0,1,200.0,False,Rule 6,,,,
ZEREBROUSDT,2025-10-11 16:45:00+00:00,2025-10-11 16:50:00+00:00,0.049312009729401036,0.045367048951048955,8111.614233429025,stop_loss,-32.42239999999994,-8.105599999999985,0.08333333333333333,2,400.0,False,Rule 6,,,,
ZEREBROUSDT,2025-10-11 16:55:00+00:00,2025-10-11 16:55:00+00:00,0.0542,0.049864,3690.036900369004,stop_loss,-16.211199999999998,-8.105599999999999,0.0,1,200.0,False,Rule 6,,,,
USELESSUSDT,2025-10-11 09:05:00+00:00,2025-10-11 17:10:00+00:00,0.23852230247412345,0.2374,6707.968116204056,negative_pnl_8h,-9.284228610089786,-0.5802642881306116,4.833333333333333,8,1600.0,False,Rule 8,,,,
ZEREBROUSDT,2025-10-11 17:00:00+00:00,2025-10-11 17:20:00+00:00,0.055092805574466726,0.05068538112850939,18151.19033370592,stop_loss,-81.05599999999988,-8.105599999999988,0.3333333333333333,5,1000.0,False,Rule 6,,,,
PTBUSDT,2025-10-10 22:20:00+00:00,2025-10-11 21:20:00+00:00,0.05131906878654967,0.062283000000000005,35074.681644881406,take_profit,382.36489086986035,21.242493937214462,11.583333333333334,9,1800.0,True,Rule 8,,,,
WLFIUSDT,2025-10-10 22:20:00+00:00,2025-10-11 21:20:00+00:00,0.12227203994926004,0.12229649435724989,11449.87848882677,breakeven_sl,-1.2601540000002545,-0.09001100000001817,4.416666666666667,7,1400.0,True,Rule 8,,,,
ZEREBROUSDT,2025-10-11 17:40:00+00:00,2025-10-11 22:35:00+00:00,0.04727062083553676,0.04348897116869382,8461.915518132797,stop_loss,-32.422399999999996,-8.105599999999999,3.6666666666666665,2,400.0,False,Rule 6,,,,
PTBUSDT,2025-10-12 04:05:00+00:00,2025-10-12 04:05:00+00:00,0.07247,0.0666724,2759.7626604112043,stop_loss,-16.211199999999998,-8.105599999999999,0.0,1,200.0,False,Rule 6,,,,
PTBUSDT,2025-10-12 04:20:00+00:00,2025-10-12 11:15:00+00:00,0.07053761096474383,0.06489460208756433,14176.833980099225,stop_loss,-81.05599999999988,-8.105599999999988,1.5,5,1000.0,False,Rule 6,,,,
LINEAUSDT,2025-10-10 22:20:00+00:00,2025-10-12 13:50:00+00:00,0.01685583359889079,0.016859204765610567,130518.61167784504,breakeven_sl,-1.9802419999999454,-0.09001099999999751,1.0,11,2200.0,True,Rule 8,,,,
USELESSUSDT,2025-10-11 22:35:00+00:00,2025-10-12 14:50:00+00:00,0.26196282052784986,0.29431999999999997,4580.802716897092,take_profit,146.82033361655155,12.235027801379296,16.25,6,1200.0,True,Rule 8,,,,
ZEREBROUSDT,2025-10-12 12:05:00+00:00,2025-10-12 15:40:00+00:00,0.03286,0.030231200000000003,6086.427267194157,stop_loss,-16.21119999999997,-8.105599999999985,0.0,1,200.0,False,Rule 8,,,,
NAORISUSDT,2025-10-12 11:25:00+00:00,2025-10-12 16:00:00+00:00,0.07872592264637845,0.089869,30485.511243613288,take_profit,336.87557362680906,14.036482234450379,4.5,12,2400.0,True,Rule 8,,,,
BIOUSDT,2025-10-10 22:20:00+00:00,2025-10-12 16:05:00+00:00,0.07538775478275489,0.09222200000000001,21223.605937207238,take_profit,355.32688087841854,22.20793005490116,1.5833333333333333,8,1600.0,True,Rule 8,,,,
NAORISUSDT,2025-10-12 16:00:00+00:00,2025-10-12 19:00:00+00:00,0.09214035326625802,0.08476912500495738,17364.812954173067,stop_loss,-129.68959999999998,-8.105599999999999,0.5833333333333334,8,1600.0,False,Rule 8,,,,
HUSDT,2025-10-12 15:00:00+00:00,2025-10-12 23:05:00+00:00,0.077892,0.074382,2567.657782570739,negative_pnl_8h,-9.227521953474037,-4.6137609767370185,0.0,1,200.0,False,Rule 8,,,,
WLFIUSDT,2025-10-12 17:15:00+00:00,2025-10-13 02:05:00+00:00,0.1406,0.1399,1422.475106685633,negative_pnl_8h,-1.2151849217638744,-0.6075924608819372,0.0,1,200.0,False,Rule 8,,,,
NAORISUSDT,2025-10-12 23:05:00+00:00,2025-10-13 02:05:00+00:00,0.08632,0.0794144,2316.9601482854496,stop_loss,-16.211199999999998,-8.105599999999999,0.0,1,200.0,False,Rule 8,,,,
ZEREBROUSDT,2025-10-12 16:55:00+00:00,2025-10-13 02:10:00+00:00,0.03479209248034971,0.043173,40239.02847437844,take_profit,335.5140945573624,23.96529246838303,9.25,7,1400.0,True,Rule 8,,,,
ZEREBROUSDT,2025-10-13 02:15:00+00:00,2025-10-13 02:40:00+00:00,0.043750947598218966,0.04025087179036145,27427.977355371615,stop_loss,-97.2672,-8.1056,0.4166666666666667,6,1200.0,False,Rule 6,,,,
API3USDT,2025-10-12 19:40:00+00:00,2025-10-13 04:00:00+00:00,0.7609118967038508,0.7554,4205.480311008266,negative_pnl_8h,-26.687423969170645,-0.8339819990365825,4.666666666666667,16,3200.0,False,Rule 6,,,,
ZEREBROUSDT,2025-10-13 02:45:00+00:00,2025-10-13 08:20:00+00:00,0.04647359318258983,0.04648288790122635,90373.90294954479,breakeven_sl,-3.7804619999998548,-0.09001099999999654,5.083333333333333,21,4200.0,True,Rule 6,,,,
USELESSUSDT,2025-10-12 14:55:00+00:00,2025-10-13 08:40:00+00:00,0.32433511134849835,0.3809,15416.153925522716,take_profit,866.0334230649755,17.32066846129951,17.75,25,5000.0,True,Rule 8,,,,
ZEREBROUSDT,2025-10-13 09:25:00+00:00,2025-10-13 11:20:00+00:00,0.050708780169175426,0.0466520777556414,35496.811281888695,stop_loss,-145.90079999999978,-8.105599999999988,0.9166666666666666,9,1800.0,False,Rule 8,,,,
PTBUSDT,2025-10-12 13:10:00+00:00,2025-10-13 12:00:00+00:00,0.06218351293141007,0.07098,22514.00626954341,take_profit,196.39524072143462,14.028231480102473,22.833333333333332,7,1400.0,True,Rule 8,,,,
PTBUSDT,2025-10-13 12:05:00+00:00,2025-10-13 12:15:00+00:00,0.07583110378912686,0.06976461548599672,5274.88035928279,stop_loss,-32.42239999999994,-8.105599999999985,0.08333333333333333,2,400.0,False,Rule 6,,,,
NAORISUSDT,2025-10-13 11:35:00+00:00,2025-10-13 12:35:00+00:00,0.09195058788115201,0.09196897799872825,26100.97504870821,breakeven_sl,-2.160263999999982,-0.09001099999999924,1.0,12,2400.0,True,Rule 6,,,,
NAORISUSDT,2025-10-13 13:05:00+00:00,2025-10-13 13:20:00+00:00,0.09887222699045792,0.09096244883122129,4045.625472141977,stop_loss,-32.42239999999994,-8.105599999999985,0.25,2,400.0,False,Rule 8,,,,
NAORISUSDT,2025-10-13 13:25:00+00:00,2025-10-13 15:25:00+00:00,0.11515410599227087,0.138749,27788.848451611302,take_profit,651.79431259902,20.368572268719376,2.0,16,3200.0,True,Rule 6,,,,
HUSDT,2025-10-13 08:20:00+00:00,2025-10-13 15:50:00+00:00,0.09229849502704945,0.1108679,43337.65137587282,take_profit,799.9117840556938,19.997794601392346,5.583333333333333,20,4000.0,True,Rule 6,,,,
NAORISUSDT,2025-10-13 15:30:00+00:00,2025-10-13 15:50:00+00:00,0.13314572042878384,0.12249406279448113,6008.454476972086,stop_loss,-64.84479999999999,-8.105599999999999,0.25,4,800.0,False,Rule 6,,,,
USELESSUSDT,2025-10-13 08:50:00+00:00,2025-10-13 17:40:00+00:00,0.39649108416986256,0.3949,3530.974732839691,negative_pnl_8h,-7.154988058705253,-0.5110705756218038,6.666666666666667,7,1400.0,False,Rule 8,,,,
NAORISUSDT,2025-10-13 17:30:00+00:00,2025-10-13 18:40:00+00:00,0.05761558727258787,0.05762711039004239,20827.6971008318,breakeven_sl,-1.080131999999991,-0.09001099999999924,1.0,6,1200.0,True,Rule 8,,,,
PTBUSDT,2025-10-13 12:15:00+00:00,2025-10-13 20:15:00+00:00,0.07076819747799273,0.06736,14130.641102042719,negative_pnl_8h,-49.233527357950855,-4.923352735795086,0.3333333333333333,5,1000.0,False,Rule 6,,,,
HUSDT,2025-10-13 17:00:00+00:00,2025-10-13 20:50:00+00:00,0.13118902516530304,0.1492244,35063.908693610836,take_profit,626.982921553809,13.630063512039325,3.75,23,4600.0,True,Rule 8,,,,
ZEREBROUSDT,2025-10-13 15:50:00+00:00,2025-10-13 22:10:00+00:00,0.045424657665338444,0.04543374259687151,39626.05537418283,breakeven_sl,-1.6201980000001002,-0.09001100000000557,5.833333333333333,9,1800.0,True,Rule 8,,,,
SOMIUSDT,2025-10-10 22:20:00+00:00,2025-10-13 22:20:00+00:00,0.5011906085269073,0.6045,2394.2986552102875,time_limit_72h,245.89749262922797,20.49145771910233,0.4166666666666667,6,1200.0,True,Rule 8,,,,
NAORISUSDT,2025-10-13 20:00:00+00:00,2025-10-13 22:20:00+00:00,0.0640352764108125,0.0589124542979475,31232.7846790132,stop_loss,-162.112,-8.1056,1.1666666666666667,10,2000.0,False,Rule 8,,,,
SOONUSDT,2025-10-13 15:45:00+00:00,2025-10-13 22:50:00+00:00,0.9973363679261278,0.997535835199713,1002.6707459584684,breakeven_sl,-0.9001099999999547,-0.09001099999999547,6.583333333333333,5,1000.0,True,Rule 8,,,,
HUSDT,2025-10-13 21:15:00+00:00,2025-10-14 01:15:00+00:00,0.16899808013783946,0.16903187975386702,29586.134918940283,breakeven_sl,-4.5005500000000005,-0.09001100000000001,2.9166666666666665,25,5000.0,True,Rule 6,,,,
LINEAUSDT,2025-10-13 18:25:00+00:00,2025-10-14 03:45:00+00:00,0.02138639642182736,0.02062,46758.69558741468,negative_pnl_8h,-36.91598735416619,-3.6915987354166195,0.5,5,1000.0,False,Rule 8,,,,
MYXUSDT,2025-10-13 23:05:00+00:00,2025-10-14 09:05:00+00:00,3.722933204768031,3.7236777914089845,698.3740660912559,breakeven_sl,-2.3402860000000185,-0.09001100000000072,4.75,13,2600.0,True,Rule 8,,,,
PTBUSDT,2025-10-14 01:15:00+00:00,2025-10-14 09:05:00+00:00,0.06590718501846522,0.06063461021698801,15172.852545892074,stop_loss,-81.05599999999988,-8.105599999999988,0.3333333333333333,5,1000.0,False,Rule 8,,,,
HUSDT,2025-10-14 01:35:00+00:00,2025-10-14 14:10:00+00:00,0.17464567553356658,0.168654,10306.582138382484,negative_pnl_8h,-63.69973150042215,-3.538873972245675,0.6666666666666666,9,1800.0,False,Rule 8,,,,
NAORISUSDT,2025-10-14 14:30:00+00:00,2025-10-15 10:50:00+00:00,0.05439754301428703,0.05219,11029.909932557346,negative_pnl_8h,-24.995608669491144,-4.165934778248524,20.333333333333332,3,600.0,False,Rule 8,,,,
USELESSUSDT,2025-10-14 09:05:00+00:00,2025-10-15 11:15:00+00:00,0.41829691119896445,0.41838057058120426,5737.551331949548,breakeven_sl,-2.160263999999982,-0.09001099999999924,5.916666666666667,12,2400.0,True,Rule 8,,,,
ENAUSDT,2025-10-12 14:50:00+00:00,2025-10-15 14:55:00+00:00,0.4007891518101529,0.4469,4491.139522789853,time_limit_72h,204.99635309578113,11.388686283098952,0.9166666666666666,9,1800.0,True,Rule 8,,,,
ZEREBROUSDT,1760438100000,1760648400000,0.039513275089263236,0.03831,20246.360196484457,force_close_eod,-25.228541805200546,-3.153567725650068,0.5,4,800.0,,Rule 8,-24.36194087268052,0.8666009325200257,0.44,0.42660093252002573
NAORISUSDT,1760525700000,1760648400000,0.05614064475402404,0.0483,32062.332163917297,force_close_eod,-253.23109233672895,-14.068394018707163,4.083333333333333,9,1800.0,,Rule 6,-251.38935648279448,1.841735853934463,0.9900000000000001,0.851735853934463
HUSDT,1760538000000,1760648400000,0.14909420160183773,0.1175,4024.30137157396,force_close_eod,-127.73465931619769,-21.289109886032946,0.16666666666666666,3,600.0,,Rule 6,-127.14458884005973,0.5900704761379671,0.33,0.2600704761379672
